bytes,time,node
14,5.0,node 0
0,5.0,node 1
0,5.0,node 2
0,5.0,node 3
0,5.0,node 4
14,5.0,all nodes
23,5.25,node 0
0,5.25,node 1
0,5.25,node 2
0,5.25,node 3
0,5.25,node 4
23,5.25,all nodes
60,5.5,node 0
0,5.5,node 1
0,5.5,node 2
0,5.5,node 3
0,5.5,node 4
60,5.5,all nodes
97,5.75,node 0
0,5.75,node 1
0,5.75,node 2
0,5.75,node 3
0,5.75,node 4
97,5.75,all nodes
139,6.0,node 0
0,6.0,node 1
0,6.0,node 2
0,6.0,node 3
0,6.0,node 4
139,6.0,all nodes
153,6.25,node 0
0,6.25,node 1
0,6.25,node 2
0,6.25,node 3
0,6.25,node 4
153,6.25,all nodes
194,6.5,node 0
0,6.5,node 1
0,6.5,node 2
0,6.5,node 3
0,6.5,node 4
194,6.5,all nodes
264,6.75,node 0
0,6.75,node 1
0,6.75,node 2
0,6.75,node 3
0,6.75,node 4
264,6.75,all nodes
264,7.0,node 0
0,7.0,node 1
0,7.0,node 2
0,7.0,node 3
0,7.0,node 4
264,7.0,all nodes
264,7.25,node 0
0,7.25,node 1
0,7.25,node 2
0,7.25,node 3
0,7.25,node 4
264,7.25,all nodes
264,7.5,node 0
0,7.5,node 1
0,7.5,node 2
0,7.5,node 3
0,7.5,node 4
264,7.5,all nodes
268,7.75,node 0
0,7.75,node 1
0,7.75,node 2
0,7.75,node 3
0,7.75,node 4
268,7.75,all nodes
291,8.0,node 0
0,8.0,node 1
0,8.0,node 2
0,8.0,node 3
0,8.0,node 4
291,8.0,all nodes
305,8.25,node 0
0,8.25,node 1
0,8.25,node 2
0,8.25,node 3
0,8.25,node 4
305,8.25,all nodes
305,8.5,node 0
0,8.5,node 1
0,8.5,node 2
0,8.5,node 3
0,8.5,node 4
305,8.5,all nodes
305,8.75,node 0
0,8.75,node 1
0,8.75,node 2
0,8.75,node 3
0,8.75,node 4
305,8.75,all nodes
305,9.0,node 0
0,9.0,node 1
0,9.0,node 2
0,9.0,node 3
0,9.0,node 4
305,9.0,all nodes
305,9.25,node 0
0,9.25,node 1
0,9.25,node 2
0,9.25,node 3
0,9.25,node 4
305,9.25,all nodes
305,9.5,node 0
0,9.5,node 1
0,9.5,node 2
0,9.5,node 3
0,9.5,node 4
305,9.5,all nodes
305,9.75,node 0
0,9.75,node 1
0,9.75,node 2
0,9.75,node 3
0,9.75,node 4
305,9.75,all nodes
305,10.0,node 0
0,10.0,node 1
0,10.0,node 2
0,10.0,node 3
0,10.0,node 4
305,10.0,all nodes
319,10.25,node 0
9,10.25,node 1
0,10.25,node 2
0,10.25,node 3
0,10.25,node 4
328,10.25,all nodes
319,10.5,node 0
13,10.5,node 1
0,10.5,node 2
0,10.5,node 3
0,10.5,node 4
333,10.5,all nodes
342,10.75,node 0
32,10.75,node 1
0,10.75,node 2
0,10.75,node 3
0,10.75,node 4
375,10.75,all nodes
365,11.0,node 0
60,11.0,node 1
0,11.0,node 2
0,11.0,node 3
0,11.0,node 4
426,11.0,all nodes
375,11.25,node 0
101,11.25,node 1
0,11.25,node 2
0,11.25,node 3
0,11.25,node 4
476,11.25,all nodes
384,11.5,node 0
124,11.5,node 1
0,11.5,node 2
0,11.5,node 3
0,11.5,node 4
509,11.5,all nodes
384,11.75,node 0
124,11.75,node 1
0,11.75,node 2
0,11.75,node 3
0,11.75,node 4
509,11.75,all nodes
384,12.0,node 0
152,12.0,node 1
0,12.0,node 2
0,12.0,node 3
0,12.0,node 4
537,12.0,all nodes
384,12.25,node 0
166,12.25,node 1
0,12.25,node 2
0,12.25,node 3
0,12.25,node 4
550,12.25,all nodes
384,12.5,node 0
175,12.5,node 1
0,12.5,node 2
0,12.5,node 3
0,12.5,node 4
560,12.5,all nodes
384,12.75,node 0
175,12.75,node 1
0,12.75,node 2
0,12.75,node 3
0,12.75,node 4
560,12.75,all nodes
384,13.0,node 0
180,13.0,node 1
0,13.0,node 2
0,13.0,node 3
0,13.0,node 4
564,13.0,all nodes
384,13.25,node 0
180,13.25,node 1
0,13.25,node 2
0,13.25,node 3
0,13.25,node 4
564,13.25,all nodes
384,13.5,node 0
180,13.5,node 1
0,13.5,node 2
0,13.5,node 3
0,13.5,node 4
564,13.5,all nodes
384,13.75,node 0
180,13.75,node 1
0,13.75,node 2
0,13.75,node 3
0,13.75,node 4
564,13.75,all nodes
384,14.0,node 0
198,14.0,node 1
0,14.0,node 2
0,14.0,node 3
0,14.0,node 4
583,14.0,all nodes
384,14.25,node 0
217,14.25,node 1
0,14.25,node 2
0,14.25,node 3
0,14.25,node 4
601,14.25,all nodes
384,14.5,node 0
254,14.5,node 1
0,14.5,node 2
0,14.5,node 3
0,14.5,node 4
638,14.5,all nodes
384,14.75,node 0
291,14.75,node 1
0,14.75,node 2
0,14.75,node 3
0,14.75,node 4
675,14.75,all nodes
384,15.0,node 0
291,15.0,node 1
9,15.0,node 2
0,15.0,node 3
0,15.0,node 4
685,15.0,all nodes
384,15.25,node 0
291,15.25,node 1
9,15.25,node 2
0,15.25,node 3
0,15.25,node 4
685,15.25,all nodes
384,15.5,node 0
291,15.5,node 1
9,15.5,node 2
0,15.5,node 3
0,15.5,node 4
685,15.5,all nodes
384,15.75,node 0
291,15.75,node 1
9,15.75,node 2
0,15.75,node 3
0,15.75,node 4
685,15.75,all nodes
384,16.0,node 0
323,16.0,node 1
27,16.0,node 2
0,16.0,node 3
0,16.0,node 4
735,16.0,all nodes
384,16.25,node 0
332,16.25,node 1
55,16.25,node 2
0,16.25,node 3
0,16.25,node 4
772,16.25,all nodes
384,16.5,node 0
337,16.5,node 1
73,16.5,node 2
0,16.5,node 3
0,16.5,node 4
796,16.5,all nodes
384,16.75,node 0
356,16.75,node 1
115,16.75,node 2
0,16.75,node 3
0,16.75,node 4
856,16.75,all nodes
384,17.0,node 0
383,17.0,node 1
180,17.0,node 2
0,17.0,node 3
0,17.0,node 4
948,17.0,all nodes
384,17.25,node 0
397,17.25,node 1
231,17.25,node 2
0,17.25,node 3
0,17.25,node 4
1013,17.25,all nodes
384,17.5,node 0
402,17.5,node 1
263,17.5,node 2
0,17.5,node 3
0,17.5,node 4
1050,17.5,all nodes
384,17.75,node 0
406,17.75,node 1
277,17.75,node 2
0,17.75,node 3
0,17.75,node 4
1068,17.75,all nodes
384,18.0,node 0
406,18.0,node 1
277,18.0,node 2
0,18.0,node 3
0,18.0,node 4
1068,18.0,all nodes
384,18.25,node 0
411,18.25,node 1
300,18.25,node 2
0,18.25,node 3
0,18.25,node 4
1096,18.25,all nodes
384,18.5,node 0
434,18.5,node 1
314,18.5,node 2
0,18.5,node 3
0,18.5,node 4
1133,18.5,all nodes
384,18.75,node 0
434,18.75,node 1
314,18.75,node 2
0,18.75,node 3
0,18.75,node 4
1133,18.75,all nodes
384,19.0,node 0
453,19.0,node 1
337,19.0,node 2
0,19.0,node 3
0,19.0,node 4
1175,19.0,all nodes
384,19.25,node 0
453,19.25,node 1
365,19.25,node 2
0,19.25,node 3
0,19.25,node 4
1202,19.25,all nodes
384,19.5,node 0
453,19.5,node 1
393,19.5,node 2
0,19.5,node 3
0,19.5,node 4
1230,19.5,all nodes
402,19.75,node 0
467,19.75,node 1
397,19.75,node 2
0,19.75,node 3
0,19.75,node 4
1267,19.75,all nodes
402,20.0,node 0
480,20.0,node 1
411,20.0,node 2
14,20.0,node 3
0,20.0,node 4
1309,20.0,all nodes
402,20.25,node 0
490,20.25,node 1
430,20.25,node 2
33,20.25,node 3
0,20.25,node 4
1356,20.25,all nodes
402,20.5,node 0
490,20.5,node 1
443,20.5,node 2
33,20.5,node 3
0,20.5,node 4
1370,20.5,all nodes
402,20.75,node 0
504,20.75,node 1
448,20.75,node 2
37,20.75,node 3
0,20.75,node 4
1393,20.75,all nodes
402,21.0,node 0
504,21.0,node 1
448,21.0,node 2
37,21.0,node 3
0,21.0,node 4
1393,21.0,all nodes
402,21.25,node 0
508,21.25,node 1
448,21.25,node 2
37,21.25,node 3
0,21.25,node 4
1397,21.25,all nodes
402,21.5,node 0
508,21.5,node 1
448,21.5,node 2
37,21.5,node 3
0,21.5,node 4
1397,21.5,all nodes
412,21.75,node 0
508,21.75,node 1
448,21.75,node 2
37,21.75,node 3
0,21.75,node 4
1407,21.75,all nodes
439,22.0,node 0
513,22.0,node 1
448,22.0,node 2
37,22.0,node 3
0,22.0,node 4
1439,22.0,all nodes
467,22.25,node 0
527,22.25,node 1
462,22.25,node 2
37,22.25,node 3
0,22.25,node 4
1494,22.25,all nodes
495,22.5,node 0
531,22.5,node 1
462,22.5,node 2
37,22.5,node 3
0,22.5,node 4
1527,22.5,all nodes
495,22.75,node 0
531,22.75,node 1
462,22.75,node 2
37,22.75,node 3
0,22.75,node 4
1527,22.75,all nodes
518,23.0,node 0
536,23.0,node 1
462,23.0,node 2
37,23.0,node 3
0,23.0,node 4
1555,23.0,all nodes
541,23.25,node 0
545,23.25,node 1
462,23.25,node 2
37,23.25,node 3
0,23.25,node 4
1587,23.25,all nodes
564,23.5,node 0
550,23.5,node 1
462,23.5,node 2
37,23.5,node 3
0,23.5,node 4
1615,23.5,all nodes
564,23.75,node 0
550,23.75,node 1
462,23.75,node 2
37,23.75,node 3
0,23.75,node 4
1615,23.75,all nodes
574,24.0,node 0
564,24.0,node 1
462,24.0,node 2
37,24.0,node 3
0,24.0,node 4
1638,24.0,all nodes
601,24.25,node 0
582,24.25,node 1
462,24.25,node 2
37,24.25,node 3
0,24.25,node 4
1684,24.25,all nodes
611,24.5,node 0
614,24.5,node 1
471,24.5,node 2
37,24.5,node 3
0,24.5,node 4
1735,24.5,all nodes
634,24.75,node 0
642,24.75,node 1
471,24.75,node 2
37,24.75,node 3
0,24.75,node 4
1786,24.75,all nodes
661,25.0,node 0
642,25.0,node 1
471,25.0,node 2
37,25.0,node 3
9,25.0,node 4
1823,25.0,all nodes
685,25.25,node 0
651,25.25,node 1
471,25.25,node 2
37,25.25,node 3
9,25.25,node 4
1856,25.25,all nodes
698,25.5,node 0
651,25.5,node 1
471,25.5,node 2
37,25.5,node 3
14,25.5,node 4
1874,25.5,all nodes
698,25.75,node 0
651,25.75,node 1
471,25.75,node 2
37,25.75,node 3
14,25.75,node 4
1874,25.75,all nodes
717,26.0,node 0
656,26.0,node 1
471,26.0,node 2
42,26.0,node 3
19,26.0,node 4
1907,26.0,all nodes
717,26.25,node 0
656,26.25,node 1
471,26.25,node 2
60,26.25,node 3
19,26.25,node 4
1925,26.25,all nodes
717,26.5,node 0
656,26.5,node 1
471,26.5,node 2
60,26.5,node 3
19,26.5,node 4
1925,26.5,all nodes
731,26.75,node 0
656,26.75,node 1
471,26.75,node 2
79,26.75,node 3
19,26.75,node 4
1957,26.75,all nodes
731,27.0,node 0
656,27.0,node 1
471,27.0,node 2
79,27.0,node 3
28,27.0,node 4
1967,27.0,all nodes
731,27.25,node 0
656,27.25,node 1
471,27.25,node 2
93,27.25,node 3
28,27.25,node 4
1981,27.25,all nodes
731,27.5,node 0
656,27.5,node 1
471,27.5,node 2
102,27.5,node 3
33,27.5,node 4
1994,27.5,all nodes
731,27.75,node 0
665,27.75,node 1
471,27.75,node 2
102,27.75,node 3
33,27.75,node 4
2004,27.75,all nodes
735,28.0,node 0
679,28.0,node 1
471,28.0,node 2
102,28.0,node 3
46,28.0,node 4
2036,28.0,all nodes
735,28.25,node 0
707,28.25,node 1
471,28.25,node 2
102,28.25,node 3
60,28.25,node 4
2078,28.25,all nodes
735,28.5,node 0
739,28.5,node 1
490,28.5,node 2
102,28.5,node 3
65,28.5,node 4
2133,28.5,all nodes
735,28.75,node 0
744,28.75,node 1
513,28.75,node 2
102,28.75,node 3
65,28.75,node 4
2161,28.75,all nodes
735,29.0,node 0
749,29.0,node 1
536,29.0,node 2
102,29.0,node 3
70,29.0,node 4
2193,29.0,all nodes
740,29.25,node 0
749,29.25,node 1
545,29.25,node 2
102,29.25,node 3
74,29.25,node 4
2212,29.25,all nodes
759,29.5,node 0
749,29.5,node 1
550,29.5,node 2
116,29.5,node 3
74,29.5,node 4
2249,29.5,all nodes
759,29.75,node 0
749,29.75,node 1
573,29.75,node 2
148,29.75,node 3
74,29.75,node 4
2304,29.75,all nodes
777,30.0,node 0
749,30.0,node 1
601,30.0,node 2
153,30.0,node 3
74,30.0,node 4
2355,30.0,all nodes
805,30.25,node 0
749,30.25,node 1
614,30.25,node 2
171,30.25,node 3
79,30.25,node 4
2420,30.25,all nodes
814,30.5,node 0
753,30.5,node 1
628,30.5,node 2
171,30.5,node 3
79,30.5,node 4
2448,30.5,all nodes
851,30.75,node 0
772,30.75,node 1
656,30.75,node 2
176,30.75,node 3
79,30.75,node 4
2535,30.75,all nodes
902,31.0,node 0
795,31.0,node 1
675,31.0,node 2
190,31.0,node 3
79,31.0,node 4
2642,31.0,all nodes
906,31.25,node 0
799,31.25,node 1
725,31.25,node 2
208,31.25,node 3
79,31.25,node 4
2720,31.25,all nodes
911,31.5,node 0
804,31.5,node 1
749,31.5,node 2
213,31.5,node 3
79,31.5,node 4
2757,31.5,all nodes
916,31.75,node 0
818,31.75,node 1
753,31.75,node 2
231,31.75,node 3
79,31.75,node 4
2799,31.75,all nodes
925,32.0,node 0
818,32.0,node 1
781,32.0,node 2
236,32.0,node 3
79,32.0,node 4
2841,32.0,all nodes
930,32.25,node 0
818,32.25,node 1
813,32.25,node 2
259,32.25,node 3
79,32.25,node 4
2901,32.25,all nodes
930,32.5,node 0
832,32.5,node 1
832,32.5,node 2
268,32.5,node 3
83,32.5,node 4
2947,32.5,all nodes
930,32.75,node 0
864,32.75,node 1
836,32.75,node 2
282,32.75,node 3
102,32.75,node 4
3016,32.75,all nodes
934,33.0,node 0
878,33.0,node 1
846,33.0,node 2
296,33.0,node 3
102,33.0,node 4
3058,33.0,all nodes
953,33.25,node 0
878,33.25,node 1
846,33.25,node 2
324,33.25,node 3
107,33.25,node 4
3109,33.25,all nodes
953,33.5,node 0
897,33.5,node 1
850,33.5,node 2
375,33.5,node 3
134,33.5,node 4
3211,33.5,all nodes
976,33.75,node 0
924,33.75,node 1
850,33.75,node 2
398,33.75,node 3
134,33.75,node 4
3285,33.75,all nodes
990,34.0,node 0
947,34.0,node 1
850,34.0,node 2
416,34.0,node 3
139,34.0,node 4
3345,34.0,all nodes
990,34.25,node 0
947,34.25,node 1
850,34.25,node 2
444,34.25,node 3
162,34.25,node 4
3396,34.25,all nodes
1008,34.5,node 0
961,34.5,node 1
850,34.5,node 2
463,34.5,node 3
190,34.5,node 4
3474,34.5,all nodes
1013,34.75,node 0
980,34.75,node 1
864,34.75,node 2
467,34.75,node 3
218,34.75,node 4
3544,34.75,all nodes
1022,35.0,node 0
984,35.0,node 1
883,35.0,node 2
486,35.0,node 3
222,35.0,node 4
3599,35.0,all nodes
1022,35.25,node 0
984,35.25,node 1
906,35.25,node 2
513,35.25,node 3
231,35.25,node 4
3659,35.25,all nodes
1022,35.5,node 0
984,35.5,node 1
920,35.5,node 2
513,35.5,node 3
231,35.5,node 4
3673,35.5,all nodes
1027,35.75,node 0
998,35.75,node 1
947,35.75,node 2
518,35.75,node 3
231,35.75,node 4
3724,35.75,all nodes
1031,36.0,node 0
998,36.0,node 1
975,36.0,node 2
518,36.0,node 3
241,36.0,node 4
3765,36.0,all nodes
1036,36.25,node 0
998,36.25,node 1
984,36.25,node 2
527,36.25,node 3
241,36.25,node 4
3789,36.25,all nodes
1036,36.5,node 0
998,36.5,node 1
1012,36.5,node 2
527,36.5,node 3
241,36.5,node 4
3816,36.5,all nodes
1054,36.75,node 0
998,36.75,node 1
1031,36.75,node 2
527,36.75,node 3
241,36.75,node 4
3853,36.75,all nodes
1054,37.0,node 0
1003,37.0,node 1
1040,37.0,node 2
527,37.0,node 3
241,37.0,node 4
3867,37.0,all nodes
1064,37.25,node 0
1021,37.25,node 1
1045,37.25,node 2
527,37.25,node 3
241,37.25,node 4
3900,37.25,all nodes
1064,37.5,node 0
1049,37.5,node 1
1045,37.5,node 2
527,37.5,node 3
245,37.5,node 4
3932,37.5,all nodes
1064,37.75,node 0
1086,37.75,node 1
1045,37.75,node 2
527,37.75,node 3
245,37.75,node 4
3969,37.75,all nodes
1068,38.0,node 0
1091,38.0,node 1
1058,38.0,node 2
537,38.0,node 3
245,38.0,node 4
4001,38.0,all nodes
1078,38.25,node 0
1105,38.25,node 1
1063,38.25,node 2
537,38.25,node 3
245,38.25,node 4
4029,38.25,all nodes
1082,38.5,node 0
1132,38.5,node 1
1072,38.5,node 2
537,38.5,node 3
245,38.5,node 4
4071,38.5,all nodes
1105,38.75,node 0
1151,38.75,node 1
1077,38.75,node 2
537,38.75,node 3
245,38.75,node 4
4117,38.75,all nodes
1128,39.0,node 0
1165,39.0,node 1
1077,39.0,node 2
537,39.0,node 3
245,39.0,node 4
4154,39.0,all nodes
1147,39.25,node 0
1165,39.25,node 1
1082,39.25,node 2
537,39.25,node 3
245,39.25,node 4
4177,39.25,all nodes
1152,39.5,node 0
1183,39.5,node 1
1109,39.5,node 2
537,39.5,node 3
245,39.5,node 4
4228,39.5,all nodes
1152,39.75,node 0
1197,39.75,node 1
1128,39.75,node 2
537,39.75,node 3
245,39.75,node 4
4260,39.75,all nodes
1152,40.0,node 0
1202,40.0,node 1
1128,40.0,node 2
541,40.0,node 3
245,40.0,node 4
4269,40.0,all nodes
1152,40.25,node 0
1216,40.25,node 1
1128,40.25,node 2
546,40.25,node 3
250,40.25,node 4
4293,40.25,all nodes
1152,40.5,node 0
1220,40.5,node 1
1142,40.5,node 2
546,40.5,node 3
250,40.5,node 4
4311,40.5,all nodes
1152,40.75,node 0
1220,40.75,node 1
1156,40.75,node 2
550,40.75,node 3
250,40.75,node 4
4330,40.75,all nodes
1152,41.0,node 0
1220,41.0,node 1
1156,41.0,node 2
550,41.0,node 3
250,41.0,node 4
4330,41.0,all nodes
1152,41.25,node 0
1229,41.25,node 1
1156,41.25,node 2
550,41.25,node 3
250,41.25,node 4
4339,41.25,all nodes
1156,41.5,node 0
1239,41.5,node 1
1156,41.5,node 2
574,41.5,node 3
250,41.5,node 4
4376,41.5,all nodes
1156,41.75,node 0
1253,41.75,node 1
1156,41.75,node 2
597,41.75,node 3
250,41.75,node 4
4413,41.75,all nodes
1161,42.0,node 0
1276,42.0,node 1
1156,42.0,node 2
629,42.0,node 3
250,42.0,node 4
4473,42.0,all nodes
1165,42.25,node 0
1276,42.25,node 1
1156,42.25,node 2
685,42.25,node 3
250,42.25,node 4
4533,42.25,all nodes
1193,42.5,node 0
1299,42.5,node 1
1179,42.5,node 2
703,42.5,node 3
250,42.5,node 4
4626,42.5,all nodes
1193,42.75,node 0
1322,42.75,node 1
1202,42.75,node 2
726,42.75,node 3
250,42.75,node 4
4695,42.75,all nodes
1207,43.0,node 0
1345,43.0,node 1
1229,43.0,node 2
759,43.0,node 3
250,43.0,node 4
4792,43.0,all nodes
1212,43.25,node 0
1350,43.25,node 1
1276,43.25,node 2
796,43.25,node 3
250,43.25,node 4
4884,43.25,all nodes
1226,43.5,node 0
1368,43.5,node 1
1322,43.5,node 2
846,43.5,node 3
250,43.5,node 4
5014,43.5,all nodes
1244,43.75,node 0
1368,43.75,node 1
1396,43.75,node 2
851,43.75,node 3
250,43.75,node 4
5111,43.75,all nodes
1267,44.0,node 0
1368,44.0,node 1
1442,44.0,node 2
865,44.0,node 3
250,44.0,node 4
5194,44.0,all nodes
1267,44.25,node 0
1368,44.25,node 1
1470,44.25,node 2
893,44.25,node 3
250,44.25,node 4
5250,44.25,all nodes
1290,44.5,node 0
1368,44.5,node 1
1488,44.5,node 2
930,44.5,node 3
250,44.5,node 4
5328,44.5,all nodes
1290,44.75,node 0
1368,44.75,node 1
1493,44.75,node 2
930,44.75,node 3
250,44.75,node 4
5333,44.75,all nodes
1304,45.0,node 0
1368,45.0,node 1
1493,45.0,node 2
948,45.0,node 3
250,45.0,node 4
5365,45.0,all nodes
1309,45.25,node 0
1368,45.25,node 1
1512,45.25,node 2
971,45.25,node 3
250,45.25,node 4
5412,45.25,all nodes
1323,45.5,node 0
1368,45.5,node 1
1525,45.5,node 2
980,45.5,node 3
250,45.5,node 4
5449,45.5,all nodes
1323,45.75,node 0
1368,45.75,node 1
1535,45.75,node 2
980,45.75,node 3
264,45.75,node 4
5472,45.75,all nodes
1323,46.0,node 0
1368,46.0,node 1
1544,46.0,node 2
980,46.0,node 3
273,46.0,node 4
5490,46.0,all nodes
1327,46.25,node 0
1368,46.25,node 1
1553,46.25,node 2
990,46.25,node 3
278,46.25,node 4
5518,46.25,all nodes
1327,46.5,node 0
1368,46.5,node 1
1558,46.5,node 2
990,46.5,node 3
301,46.5,node 4
5546,46.5,all nodes
1327,46.75,node 0
1368,46.75,node 1
1567,46.75,node 2
990,46.75,node 3
319,46.75,node 4
5573,46.75,all nodes
1327,47.0,node 0
1368,47.0,node 1
1567,47.0,node 2
990,47.0,node 3
328,47.0,node 4
5583,47.0,all nodes
1327,47.25,node 0
1377,47.25,node 1
1567,47.25,node 2
990,47.25,node 3
328,47.25,node 4
5592,47.25,all nodes
1346,47.5,node 0
1396,47.5,node 1
1581,47.5,node 2
1004,47.5,node 3
333,47.5,node 4
5661,47.5,all nodes
1374,47.75,node 0
1405,47.75,node 1
1599,47.75,node 2
1013,47.75,node 3
333,47.75,node 4
5726,47.75,all nodes
1378,48.0,node 0
1414,48.0,node 1
1627,48.0,node 2
1017,48.0,node 3
333,48.0,node 4
5772,48.0,all nodes
1397,48.25,node 0
1414,48.25,node 1
1673,48.25,node 2
1017,48.25,node 3
333,48.25,node 4
5837,48.25,all nodes
1424,48.5,node 0
1414,48.5,node 1
1710,48.5,node 2
1017,48.5,node 3
333,48.5,node 4
5902,48.5,all nodes
1429,48.75,node 0
1414,48.75,node 1
1738,48.75,node 2
1017,48.75,node 3
347,48.75,node 4
5948,48.75,all nodes
1452,49.0,node 0
1414,49.0,node 1
1743,49.0,node 2
1017,49.0,node 3
370,49.0,node 4
5999,49.0,all nodes
1475,49.25,node 0
1414,49.25,node 1
1770,49.25,node 2
1017,49.25,node 3
384,49.25,node 4
6064,49.25,all nodes
1480,49.5,node 0
1428,49.5,node 1
1798,49.5,node 2
1017,49.5,node 3
407,49.5,node 4
6133,49.5,all nodes
1508,49.75,node 0
1433,49.75,node 1
1812,49.75,node 2
1022,49.75,node 3
412,49.75,node 4
6188,49.75,all nodes
1521,50.0,node 0
1451,50.0,node 1
1812,50.0,node 2
1022,50.0,node 3
430,50.0,node 4
6239,50.0,all nodes
1540,50.25,node 0
1456,50.25,node 1
1812,50.25,node 2
1022,50.25,node 3
453,50.25,node 4
6286,50.25,all nodes
1558,50.5,node 0
1456,50.5,node 1
1812,50.5,node 2
1022,50.5,node 3
467,50.5,node 4
6318,50.5,all nodes
1558,50.75,node 0
1470,50.75,node 1
1821,50.75,node 2
1022,50.75,node 3
472,50.75,node 4
6346,50.75,all nodes
1558,51.0,node 0
1498,51.0,node 1
1826,51.0,node 2
1022,51.0,node 3
481,51.0,node 4
6387,51.0,all nodes
1572,51.25,node 0
1498,51.25,node 1
1831,51.25,node 2
1022,51.25,node 3
486,51.25,node 4
6410,51.25,all nodes
1582,51.5,node 0
1521,51.5,node 1
1849,51.5,node 2
1022,51.5,node 3
490,51.5,node 4
6466,51.5,all nodes
1595,51.75,node 0
1544,51.75,node 1
1877,51.75,node 2
1022,51.75,node 3
500,51.75,node 4
6540,51.75,all nodes
1628,52.0,node 0
1572,52.0,node 1
1881,52.0,node 2
1036,52.0,node 3
500,52.0,node 4
6618,52.0,all nodes
1660,52.25,node 0
1599,52.25,node 1
1886,52.25,node 2
1036,52.25,node 3
504,52.25,node 4
6688,52.25,all nodes
1688,52.5,node 0
1609,52.5,node 1
1895,52.5,node 2
1064,52.5,node 3
527,52.5,node 4
6785,52.5,all nodes
1706,52.75,node 0
1627,52.75,node 1
1895,52.75,node 2
1082,52.75,node 3
527,52.75,node 4
6840,52.75,all nodes
1720,53.0,node 0
1650,53.0,node 1
1900,53.0,node 2
1087,53.0,node 3
550,53.0,node 4
6910,53.0,all nodes
1734,53.25,node 0
1664,53.25,node 1
1918,53.25,node 2
1091,53.25,node 3
574,53.25,node 4
6984,53.25,all nodes
1734,53.5,node 0
1678,53.5,node 1
1918,53.5,node 2
1091,53.5,node 3
601,53.5,node 4
7025,53.5,all nodes
1748,53.75,node 0
1706,53.75,node 1
1928,53.75,node 2
1105,53.75,node 3
624,53.75,node 4
7113,53.75,all nodes
1767,54.0,node 0
1734,54.0,node 1
1932,54.0,node 2
1133,54.0,node 3
643,54.0,node 4
7210,54.0,all nodes
1785,54.25,node 0
1738,54.25,node 1
1937,54.25,node 2
1152,54.25,node 3
643,54.25,node 4
7257,54.25,all nodes
1799,54.5,node 0
1747,54.5,node 1
1937,54.5,node 2
1152,54.5,node 3
643,54.5,node 4
7280,54.5,all nodes
1822,54.75,node 0
1775,54.75,node 1
1937,54.75,node 2
1175,54.75,node 3
643,54.75,node 4
7354,54.75,all nodes
1854,55.0,node 0
1780,55.0,node 1
1955,55.0,node 2
1179,55.0,node 3
648,55.0,node 4
7418,55.0,all nodes
1891,55.25,node 0
1794,55.25,node 1
1969,55.25,node 2
1202,55.25,node 3
648,55.25,node 4
7506,55.25,all nodes
1919,55.5,node 0
1821,55.5,node 1
1969,55.5,node 2
1202,55.5,node 3
648,55.5,node 4
7562,55.5,all nodes
1924,55.75,node 0
1826,55.75,node 1
1974,55.75,node 2
1207,55.75,node 3
648,55.75,node 4
7580,55.75,all nodes
1938,56.0,node 0
1849,56.0,node 1
1974,56.0,node 2
1207,56.0,node 3
648,56.0,node 4
7617,56.0,all nodes
1938,56.25,node 0
1872,56.25,node 1
1974,56.25,node 2
1221,56.25,node 3
648,56.25,node 4
7654,56.25,all nodes
1956,56.5,node 0
1914,56.5,node 1
1997,56.5,node 2
1226,56.5,node 3
648,56.5,node 4
7742,56.5,all nodes
1984,56.75,node 0
1955,56.75,node 1
2002,56.75,node 2
1226,56.75,node 3
648,56.75,node 4
7816,56.75,all nodes
2012,57.0,node 0
1960,57.0,node 1
2006,57.0,node 2
1226,57.0,node 3
648,57.0,node 4
7853,57.0,all nodes
2025,57.25,node 0
1969,57.25,node 1
2034,57.25,node 2
1226,57.25,node 3
648,57.25,node 4
7904,57.25,all nodes
2053,57.5,node 0
1969,57.5,node 1
2062,57.5,node 2
1239,57.5,node 3
648,57.5,node 4
7973,57.5,all nodes
2076,57.75,node 0
1988,57.75,node 1
2080,57.75,node 2
1258,57.75,node 3
648,57.75,node 4
8052,57.75,all nodes
2090,58.0,node 0
1992,58.0,node 1
2108,58.0,node 2
1267,58.0,node 3
648,58.0,node 4
8107,58.0,all nodes
2090,58.25,node 0
2016,58.25,node 1
2108,58.25,node 2
1286,58.25,node 3
648,58.25,node 4
8149,58.25,all nodes
2090,58.5,node 0
2039,58.5,node 1
2127,58.5,node 2
1318,58.5,node 3
652,58.5,node 4
8228,58.5,all nodes
2095,58.75,node 0
2053,58.75,node 1
2154,58.75,node 2
1346,58.75,node 3
652,58.75,node 4
8302,58.75,all nodes
2104,59.0,node 0
2071,59.0,node 1
2159,59.0,node 2
1364,59.0,node 3
652,59.0,node 4
8352,59.0,all nodes
2104,59.25,node 0
2094,59.25,node 1
2164,59.25,node 2
1397,59.25,node 3
652,59.25,node 4
8413,59.25,all nodes
2104,59.5,node 0
2117,59.5,node 1
2168,59.5,node 2
1415,59.5,node 3
652,59.5,node 4
8459,59.5,all nodes
2104,59.75,node 0
2127,59.75,node 1
2173,59.75,node 2
1434,59.75,node 3
652,59.75,node 4
8491,59.75,all nodes
2104,60.0,node 0
2140,60.0,node 1
2182,60.0,node 2
1461,60.0,node 3
652,60.0,node 4
8542,60.0,all nodes
2127,60.25,node 0
2164,60.25,node 1
2182,60.25,node 2
1489,60.25,node 3
652,60.25,node 4
8616,60.25,all nodes
2127,60.5,node 0
2164,60.5,node 1
2187,60.5,node 2
1489,60.5,node 3
652,60.5,node 4
8621,60.5,all nodes
2146,60.75,node 0
2173,60.75,node 1
2201,60.75,node 2
1503,60.75,node 3
652,60.75,node 4
8676,60.75,all nodes
2146,61.0,node 0
2173,61.0,node 1
2205,61.0,node 2
1508,61.0,node 3
652,61.0,node 4
8685,61.0,all nodes
2169,61.25,node 0
2187,61.25,node 1
2205,61.25,node 2
1517,61.25,node 3
652,61.25,node 4
8732,61.25,all nodes
2192,61.5,node 0
2205,61.5,node 1
2210,61.5,node 2
1521,61.5,node 3
652,61.5,node 4
8782,61.5,all nodes
2201,61.75,node 0
2233,61.75,node 1
2210,61.75,node 2
1521,61.75,node 3
652,61.75,node 4
8819,61.75,all nodes
2215,62.0,node 0
2279,62.0,node 1
2210,62.0,node 2
1535,62.0,node 3
652,62.0,node 4
8893,62.0,all nodes
2243,62.25,node 0
2321,62.25,node 1
2224,62.25,node 2
1554,62.25,node 3
652,62.25,node 4
8995,62.25,all nodes
2266,62.5,node 0
2362,62.5,node 1
2256,62.5,node 2
1577,62.5,node 3
652,62.5,node 4
9115,62.5,all nodes
2298,62.75,node 0
2385,62.75,node 1
2256,62.75,node 2
1577,62.75,node 3
652,62.75,node 4
9171,62.75,all nodes
2358,63.0,node 0
2399,63.0,node 1
2288,63.0,node 2
1577,63.0,node 3
652,63.0,node 4
9277,63.0,all nodes
2400,63.25,node 0
2413,63.25,node 1
2293,63.25,node 2
1577,63.25,node 3
657,63.25,node 4
9342,63.25,all nodes
2414,63.5,node 0
2432,63.5,node 1
2293,63.5,node 2
1577,63.5,node 3
657,63.5,node 4
9374,63.5,all nodes
2419,63.75,node 0
2436,63.75,node 1
2298,63.75,node 2
1582,63.75,node 3
685,63.75,node 4
9421,63.75,all nodes
2446,64.0,node 0
2436,64.0,node 1
2302,64.0,node 2
1582,64.0,node 3
694,64.0,node 4
9462,64.0,all nodes
2469,64.25,node 0
2436,64.25,node 1
2302,64.25,node 2
1582,64.25,node 3
698,64.25,node 4
9490,64.25,all nodes
2488,64.5,node 0
2441,64.5,node 1
2302,64.5,node 2
1582,64.5,node 3
698,64.5,node 4
9513,64.5,all nodes
2502,64.75,node 0
2441,64.75,node 1
2307,64.75,node 2
1582,64.75,node 3
708,64.75,node 4
9541,64.75,all nodes
2507,65.0,node 0
2441,65.0,node 1
2316,65.0,node 2
1582,65.0,node 3
708,65.0,node 4
9556,65.0,all nodes
2530,65.25,node 0
2446,65.25,node 1
2321,65.25,node 2
1582,65.25,node 3
708,65.25,node 4
9588,65.25,all nodes
2553,65.5,node 0
2450,65.5,node 1
2321,65.5,node 2
1582,65.5,node 3
708,65.5,node 4
9616,65.5,all nodes
2558,65.75,node 0
2459,65.75,node 1
2326,65.75,node 2
1582,65.75,node 3
708,65.75,node 4
9635,65.75,all nodes
2558,66.0,node 0
2459,66.0,node 1
2326,66.0,node 2
1582,66.0,node 3
717,66.0,node 4
9644,66.0,all nodes
2558,66.25,node 0
2459,66.25,node 1
2326,66.25,node 2
1582,66.25,node 3
745,66.25,node 4
9672,66.25,all nodes
2558,66.5,node 0
2464,66.5,node 1
2330,66.5,node 2
1582,66.5,node 3
763,66.5,node 4
9699,66.5,all nodes
2558,66.75,node 0
2464,66.75,node 1
2330,66.75,node 2
1582,66.75,node 3
810,66.75,node 4
9746,66.75,all nodes
2558,67.0,node 0
2464,67.0,node 1
2330,67.0,node 2
1582,67.0,node 3
865,67.0,node 4
9801,67.0,all nodes
2558,67.25,node 0
2464,67.25,node 1
2330,67.25,node 2
1582,67.25,node 3
874,67.25,node 4
9810,67.25,all nodes
2558,67.5,node 0
2464,67.5,node 1
2330,67.5,node 2
1582,67.5,node 3
879,67.5,node 4
9815,67.5,all nodes
2558,67.75,node 0
2464,67.75,node 1
2330,67.75,node 2
1582,67.75,node 3
907,67.75,node 4
9843,67.75,all nodes
2558,68.0,node 0
2469,68.0,node 1
2330,68.0,node 2
1582,68.0,node 3
916,68.0,node 4
9857,68.0,all nodes
2558,68.25,node 0
2469,68.25,node 1
2335,68.25,node 2
1582,68.25,node 3
953,68.25,node 4
9898,68.25,all nodes
2558,68.5,node 0
2469,68.5,node 1
2335,68.5,node 2
1582,68.5,node 3
985,68.5,node 4
9931,68.5,all nodes
2558,68.75,node 0
2469,68.75,node 1
2335,68.75,node 2
1582,68.75,node 3
1004,68.75,node 4
9949,68.75,all nodes
2558,69.0,node 0
2469,69.0,node 1
2335,69.0,node 2
1582,69.0,node 3
1022,69.0,node 4
9968,69.0,all nodes
